id,name,address,email,telephone,company,salary,job,date,country,nb_child,have_car
21797,Bettye Konopelski PhD,"77699 Yuliana Landing Suite 777
Hermistonfurt, MH 18533",deanna.mclaughlin@hotmail.com,765.592.2331,Nader-Thiel,1599,Oceanographer,2019-08-20,NA,1,Oui
15506,Dr. Libbie Satterfield,"65621 Rippin Glens Suite 196
East Baldwinmouth, IN 66364-1506",dschmeler@wilkinson.org,(330)695-0015x10945,"Quitzon, Kuhic and Corkery",79216,Illustrator,1972-10-06,US,3,Oui
57995,Beatriz Windler,"45141 Wilbert Hills Suite 806
Crooksberg, AZ 75839-7035",fairy42@emmerich.com,(609)386-2110,"Gleason, Wiza and Turcotte",207411,"Landscape architect",2010-05-30,United-States,0,Oui
13525,Ignatius Gutmann,"USNV Botsford
FPO AE 29039-8309",nelia.denesik@kuhlman.net,228-642-9414,"Kautzer, Sauer and Schmidt",Inf,Occupational hygienist,1993-01-05,Canada,0,Oui
71440,Glenn Emmerich,"7179 Perley Courts
Dalestad, VA 86001",gaylord.glynis@gmail.com,576.989.4073x762,Schumm-Sipes,8729,"Psychologist, occupational",1996-04-24,France,3,Oui
62628,Icie Mann,"056 Pouros Walk
South Carylfort, IN 19364-1552",lacie.lind@yahoo.com,+63(3)4975220577,Mitchell-Goyette,4647,Wellsite geologist,11 janvier 1986,US,1,Oui
57795,Dell Gerhold,"241 Wisoky Underpass
Estrellastad, NY 38496-9009",geoffrey.cartwright@trantow.net,1-683-974-7450x232,Trantow PLC,64471,"Sound technician, broadcasting/film/video",1999-03-01,CAN,3,Oui
26422,Reilly Rodriguez-Hickle,"15342 Reilly Valley
Harrismouth, FL 52037",kuhlman.tawanda@hahn.org,1-428-919-7041x5649,"Hodkiewicz, Rowe and Hettinger",70233,"Therapist, music",1999-04-30,France,0,Oui
79705,Ms. Kendal Hammes PhD,"827 Cale Greens Suite 188
East Elickfurt, GA 91847",heath45@plc.com,1-381-812-4101x2577,Mosciski Inc,37053,Advertising copywriter,2022-04-09,NaN,0,Oui
68444,Stanislaus Nitzsche-Von,"2715 Mikala Mountain Suite 937
South Matland, NM 32780",haskell.batz@ltd.com,1-732-372-3514x93806,Bartell and Sons,76283,Furniture designer,1997-04-28,France,0,Oui
55056,Robbie Fahey,"70451 Holland Ville
South Alyssaview, TN 87616",cal34@hotmail.com,194-523-7513x66125,Schultz-Sauer,5709,Arts administrator,1973-06-21,Canada,3,Oui
13090,Jadyn Simonis,"39076 Dot Common
Tristianborough, FM 72572-1519",dwyman@nader.net,433-389-9729,Parisian Ltd,146565,"Therapist, sports",2023-05-13,FR,2,Oui
30176,Obed Hartmann,"38910 Wunsch Place Apt. 549
Ollieland, SC 65190-0676",clint16@inc.biz,638.032.4254,Glover-Collins,1147,Market researcher,1988-04-30,United-States,1,Oui
44533,Silvio Kuhn,"16189 Hane Circles Suite 832
Danteberg, CA 40257-6818",buddy56@group.com,126-980-5771x729,"Zieme, Batz and Luettgen",114020,"Administrator, local government",2012-04-22,USA,0,Oui
26703,Merritt Purdy,"USNV Kertzmann
FPO AE 98806-2379",eunice.feil@gmail.com,+97(6)5129750447,"Nader, Treutel and Hammes",2719,Garment/textile technologist,1975-03-01,France,1,Oui
49813,Nelly Nienow,"16764 Gracia Extensions
Mauraview, VT 18020",gorczany.marcelina@thompson.com,(192)694-4946,Mosciski-Parisian,82703,"Scientist, physiological",1989-03-03,USA,1,Non
89860,Evans Sipes-Gleichner,"11216 Coby Fords Apt. 106
Port Reinhold, HI 50766",sebastian13@erdman.info,802-748-8950,NA,5852,Economist,1970-06-14,United-States,6,Oui
14617,Dr. Kwame Armstrong,"715 Kessler Coves
Boehmland, LA 77499",larue54@gmail.com,211-240-4969x5717,Dickens-Shanahan,56055,Computer games developer,1985-04-29,United-States,1,Oui
85890,Harl Satterfield-Bergnaum,"347 McCullough Drives Suite 843
Lake Abby, NH 87993-6122",schroeder.van@hotmail.com,02118708473,"Dickinson, Yost and Zboncak",1376730,Diagnostic radiographer,1982-07-22,USA,1,Oui
39009,Dr. Cedrick Quitzon II,"83145 Leeann Gateway
Lake Jarrad, NH 15609-7754",crista.barton@hoeger.net,752.544.1449x875,Little-White,815221,Operational researcher,2003-10-09,FR,0,Oui
84975,Bedford Moen,"36010 Terry Burgs Apt. 467
Lurenaview, AS 13707",eustace.lesch@hotmail.com,722-300-5063,Wilkinson-Adams,479399,"Nurse, mental health",2011-03-02,Canada,1,Oui
11415,Aarav Schulist,"114 Jaxon Key Apt. 745
Mettieburgh, HI 39638",vgutkowski@ltd.net,476-630-8973x1350,Hilpert-Mann,26144,"Psychologist, occupational",1998-11-04,FR,0,Oui
48315,Kara Will-Gleichner,"PSC 5879, Box 4726
APO AE 94382",paisley92,890.277.2725,"Doyle, Littel and Bailey",47415,Trade union research officer,23 dec 2024,France,1,Oui
29507,Benard Klein Sr.,"16233 Lara Parkway Apt. 191
West Mylieborough, AZ 87865",0,+28(6)4804378502,"Prosacco, Osinski and Greenholt",19781,"Librarian, academic",2002-12-25,US,1,Oui
30654,Mr. Devon Kassulke,"284 Hayes Lane
East Orvelburgh, OK 68551-3598",henretta.robel@farrell.net,179.962.0147x04057,"Dare, Maggio and Ullrich",104027,Tree surgeon,2001-03-22,US,0,Non
67406,Ms. Chelsey Rogahn,"86483 Anderson Manors
Mikaylaburgh, FL 46155",okuneva.fonda@hartmann.com,(919)156-0173,Carroll-Schumm,54204,Sport and exercise psychologist,1979-01-09,USA,1,Oui
38234,Helga Ryan-O'Kon,"USNV Shanahan
FPO AP 49354-0639",fjaskolski@murazik.com,113.526.9192x96025,Farrell-Johns,14198,Ecologist,1989-04-11,FR,0,Oui
69370,Zaiden Cummerata IV,"75352 Lenwood Wall
Hackettchester, OH 85205-9676",cole.evonne@yahoo.com,(313)462-7169x569,Haley Group,81879,Occupational therapist,1977-08-15,CAN,0,Oui
23205,Nancie Lebsack,"PSC 2089, Box 5961
APO AA 27608",nbartell@nikolaus.org,+83(0)8325565571,Thompson-Grimes,37173,Financial risk analyst,2008-02-25,USA,0,Oui
52354,Kameron Armstrong,"6156 Lowe Dam Apt. 690
Port Treyton, FL 19870-9019",josiah.harber@hotmail.com,340.957.3395x86177,Friesen-Aufderhar,4638,Travel agency manager,2008-04-07,US,2,Oui
14367,Savannah Kohler-Bruen,"097 Tavion Wall
North Genaro, AZ 01786-6266",louise47@gmail.com,677-010-4871,"Stanton, Schmitt and Schmidt",21275,Local government officer,2007-08-04,US,0,Oui
82215,Arland Marks-Okuneva,"1158 Pfannerstill Dam
Mohrstad, NC 65745-3545",opal40@gmail.com,766-410-2947x1407,Runolfsson and Sons,NaN,Mental health nurse,1999-04-22,USA,0,Oui
62241,Mrs. Daisha Yundt,"7270 McGlynn Ways
North Candyce, MI 24683",kwunsch@yahoo.com,+24(1)0558208275,Beahan and Sons,1702219,Clinical cytogeneticist,1978-02-13,US,1,Oui
15443,Karina Goldner,"176 Schowalter Divide Suite 518
Laronburgh, UT 41750-9648",bahringer.cherry@hotmail.com,831.576.0922,Mohr-Jenkins,18466,Public librarian,1982-01-11,CAN,2,Yes
49612,Shedrick Mohr,"215 Russel Street Apt. 729
Madgefurt, WA 41311-0056",jonnie18@halvorson.biz,(053)006-4662x7099,Parisian and Sons,34750,"Embryologist, clinical",1999-07-28,FR,1,Oui
75928,Reynold Mertz,"0830 Cristi Rapids Apt. 237
Angelinamouth, VI 67944",akunze@wolff.info,(092)931-1732x182,"Feeney, Jones and Boehm",87911,Counselling psychologist,1993-12-13,USA,1,Oui
55101,Nonie Haag-Feeney,"72762 Tanisha Views Apt. 039
Brandonburgh, CA 78768",rice.claudia@morissette.info,397-902-6211x80557,"Schowalter, Robel and Harber",36014,Soil scientist,1995-12-28,United-States,3,Oui
54156,Marcela Kautzer PhD,"5469 Ovid Crossing
New Versa, AZ 00547",lcorkery@yahoo.com,1-423-442-1785x461,"Durgan, Altenwerth and West",321,"Administrator, charities/voluntary organisations",2005-08-14,USA,0,Oui
59577,Cora Kuvalis,"13641 Bode Groves
Osinskiton, WA 87413",hschaden@group.info,(714)706-1580x8718,Waelchi-Grimes,10819,"Social research officer, government",1973-06-29,US,3,Oui
14621,Gavin Lindgren,"74229 Schowalter Burgs
Bodebury, MI 36036-8265",strosin.ewart@lebsack.com,(467)320-8169,"Stanton, Smith and Batz",39395,Insurance underwriter,1979-03-18,FR,0,Oui
88079,Clifton Tillman,"0598 Silver Key
Toniton, PA 46937-7607",tbartell@gmail.com,1-021-950-2873x4510,Larson-Batz,54995,Communications engineer,1972-06-19,US,1,Oui
58516,Dr. Kenan Kuhlman Sr.,"47328 Boyer Route
Mullershire, GA 15901-6121",finley.konopelski@inc.info,1-299-691-9417x54854,Labadie-Senger,111910,Nature conservation officer,2004-08-14,CAN,2,Oui
52937,Nils Murray,"791 Tatyanna Mountains
South Mollyhaven, MH 31930-0961",christiansen.mitch@gmail.com,1-949-608-0214x4061,"Howell, Reynolds and Hilll",9991,Sport and exercise psychologist,2017-05-06,US,2,Oui
18174,Littleton Weissnat,"966 Kaelynn Hill Suite 550
Ashaberg, WI 91172-2346",laron64@miller.com,613.968.0898,Greenholt Group,58706,Herbalist,2008-12-23,US,2,Oui
71137,Gilberto Hoppe,"26982 Concha Ville Suite 595
East Avisbury, ID 22253",sheryl45@hotmail.com,100-858-2863,Denesik-Fritsch,48300,Horticultural consultant,2013-11-20,USA,5,Oui
51328,Miss Odie Jacobi,"5938 Franecki Extensions
South Denzell, OK 57535-1640",pearle71@inc.net,1-898-089-7455,Powlowski-Schaefer,70516,Firefighter,1970-09-03,FR,0,Oui
60381,Mr. Madden Rippin V,"2844 Gaylord Ports
Port Danelleport, NH 22550",cedric33@dietrich.biz,+10(4)4213471293,Padberg-Toy,8736,Theatre director,1970-05-11,France,4,Oui
60363,Alycia Wisozk,"USCGC McKenzie
FPO AP 19406-3856",ian24@plc.com,(098)251-3623x8051,"Toy, Hegmann and Abbott",7101,"Runner, broadcasting/film/video",1980-08-12,US,14,Oui
43560,Melton Harber,"21301 Garry Extensions
Tobiland, KS 69365-9879",ukulas@ltd.com,478-492-9341x64289,"McDermott, Kris and Donnelly",279789,"Psychologist, prison and probation services",2015-01-31,USA,3,Oui
46962,Arland Kerluke-Marquardt,"61651 Sampson Alley
Lake Orson, LA 42748",abshire.nakia@yahoo.com,+66(7)3809852784,Wilderman LLC,11088613,"Conservation officer, nature",1973-11-17,FR,1,Oui
30915,Kelsie Zulauf,"239 Mertz Coves
West Hollishaven, MD 55818",czieme@hotmail.com,066.728.6381x375,Leffler-Wolff,2456,"Designer, ceramics/pottery",1998-07-23,CAN,2,Oui
18329,Aiyana Bailey,"9791 Stoltenberg Mill
Port George, AZ 57969-5228",purdy.alexis@hotmail.com,+37(1)2788753151,"Kutch, Altenwerth and Erdman",587172,Health service manager,2022-03-11,United-States,1,Oui
17071,Bradford Hilpert,"84732 Kuphal Knolls Suite 282
Bevshire, WA 21679",mgraham@ltd.org,1-153-705-8531x4809,Pollich Group,1726304,"Doctor, hospital",1981-05-16,France,2,Oui
34383,Otis Green V,"58301 Gaynell Glen Apt. 205
Lake Cherryl, VT 36263",eharris@yahoo.com,+94(4)4482929747,Altenwerth Inc,24485,Cartographer,1994-02-06,Canada,1,Oui
12609,Jeanine Brekke,"5311 Winton Divide Apt. 286
Lake Calleighfort, AL 67649-0887",danita29@yahoo.com,01195433079,Conn-Haley,78075,Energy engineer,2018-11-09,CAN,1,Oui
78426,Brandy Hessel,"3474 O'Conner Corners
Ernserville, TN 67266-1647",alexa38@gmail.com,143-464-0519,"Purdy, Greenholt and Kling",152863,Personal assistant,2023-04-22,France,1,Oui
86689,Miss Charlotta Jacobs DDS,"625 Santana Port Suite 414
North Charlotta, CO 12588-7247",parisian.helyn@llc.com,(237)022-2477x842,"Stamm, Botsford and Heathcote",11300,"Civil engineer, consulting",2016-10-11,Canada,2,Oui
85085,French Barrows,"9364 Ala Court
Lashondafurt, CT 67938",ora.adams@ltd.com,(891)985-0515x89998,Parker-Ratke,7555,Herpetologist,1991-12-06,CAN,2,Oui
68849,Mr. Alvia Batz,"494 Bethzy Ways
Mantehaven, MI 97413",regan03@gmail.com,1-228-540-5557,Paucek-Legros,4817,Race relations officer,1978-02-18,FR,2,Oui
76169,Milagros Bahringer,"28249 Crist Ridges Apt. 075
New Villachester, AK 33875",gleichner.lizette@hotmail.com,(125)059-0460,Block-Stark,Inf,Soil scientist,1992-02-06,US,3,Oui
86199,Clora Kreiger,"48617 Schimmel Plains Suite 779
South Nichole, WA 89465",levina.berge@yahoo.com,1-025-744-4051x73354,Morar LLC,40143,Chartered legal executive (England and Wales),1979-11-23,Canada,0,Oui
82997,Dr. Matteo Rogahn PhD,"Unit 6538 Box 9481
DPO AA 24783",elianna52@yahoo.com,1-365-063-5279x48178,Mills-Volkman,913206,Psychiatric nurse,2002-07-18,Canada,1,Oui
62365,Georgene Anderson,"USCGC Maggio
FPO AA 62750-9769",shaquille.langworth@gusikowski.info,132.392.1805x061,Hyatt-Dooley,3085,Advertising account planner,1994-05-31,United-States,1,Oui
54217,Ms. Jaunita Howe PhD,"4353 Fisher Groves
Hegmannfort, MH 43552-5966",volkman.kadin@kovacek.org,+09(1)6604759361,,223975,"Designer, industrial/product",1975-02-11,United-States,0,Oui
28507,Orlin Wilderman,"491 Jerold Lane
North Tena, MD 05595-7549",frami.lannie@cremin.com,(600)727-6324x8093,"Schiller, Abernathy and Gutkowski",49658,"Teacher, adult education",1988/09/22,FR,4,Oui
34390,Manning Schaden,"16409 Sipes Oval
New Destinyshire, NE 33032-6954",NA,09994195270,"Schoen, Beier and Will",77514,Wellsite geologist,2016-11-09,US,2,Oui
85408,Karlene Runolfsson,"6689 Anabella Mount Apt. 530
Russelmouth, MO 24687",herlinda.mcglynn@shields.com,1-211-693-3567x14369,"Senger, Walsh and Hartmann",67589,Press sub,1974-02-16,FR,1,Oui
59143,Otis Jacobs,"7468 Isis Parkways
New Ina, CT 14416",zhoppe@yahoo.com,880.290.9309x8476,Graham PLC,281602,"Editor, film/video",1971-08-24,United-States,1,Oui
73859,Domenica Heathcote,"122 Herzog Point Suite 468
South Sheryll, LA 69189-1486",valencia.ledner@hotmail.com,(500)389-7735x5824,"Haag, Bode and Gorczany",59589,Chartered management accountant,1982-12-17,FR,0,Oui
54595,Neva Kessler,"9701 Nader Walk Apt. 017
Manntown, WA 17593",linwood41@hotmail.com,None,Johnson-Wilderman,171,"Engineer, control and instrumentation",1972-12-18,FR,0,T
44979,Mr. Cruz Luettgen,"5208 Bailey Falls Suite 614
Giffordland, MA 66523-3580",morar.shan@dooley.com,1-007-820-6799,Waters-Davis,22909,"Physicist, medical",2006-06-26,Canada,2,Oui
61746,Dr. Campbell Schinner,"23718 Fritsch Shores
East Freeman, AS 82265",jones.nealie@plc.com,1-798-446-9231x334,"Brakus, Lubowitz and Schoen",1375,Retail banker,1977-11-02,CAN,0,Oui
33834,Dr. Tab Hodkiewicz,"21098 Cilla Green Suite 638
Lake Gale, AL 51982",hmorissette@collins.biz,1-726-178-3620,"Huel, Mann and Kassulke",34896,IT technical support officer,2022-11-08,CAN,1,Oui
38472,Burnell Buckridge,"099 Bruno Turnpike
East Traeborough, PR 94923",None,(126)212-2851x9376,Marvin-Torphy,4958,Immunologist,2012-12-13,CAN,1,Oui
34731,Scarlett Nolan,"3515 Kenan Mount
South Porfirioborough, TN 72621",adella38@yahoo.com,1-623-941-6896x65780,Langworth PLC,80775,"Scientist, forensic",2001-09-09,Canada,2,Oui
47962,Dr. Kris Hauck,"52333 Watsica Orchard
North Lonemouth, ND 75884",kindra91@hotmail.com,1-025-732-5628,Effertz Ltd,442598,"Development worker, community",2024-07-20,Canada,3,Oui
68444,Stanislaus Nitzsche-Von,"2715 Mikala Mountain Suite 937
South Matland, NM 32780",haskell.batz@ltd.com,1-732-372-3514x93806,Bartell and Sons,76283,Furniture designer,1997-04-28,France,0,Oui
55857,Mr. Pedro Schultz PhD,"6541 Jones Mount Apt. 230
Craigville, FL 33549",alger.spinka@prosacco.com,998.126.6758x0202,Pouros-Hauck,4279,Therapeutic radiographer,1993-06-21,Canada,1,Oui
70099,Pricilla Wisoky,"PSC 9485, Box 5985
APO AA 98175-4618",tschulist@yahoo.com,1-303-820-1461x84888,Tromp-Fay,31325,"Engineer, water",1998-05-14,CAN,2,Oui
16639,Dr. Ashlyn Ondricka DDS,"1852 Collins Land Suite 921
Franeckiland, CA 32743",vandervort.rossie@gmail.com,1-148-836-4713,"Predovic, Corwin and Brekke",22595,"Conservator, furniture",2018-05-18,US,1,Oui
59848,Mrs. Lakeisha Berge,"854 Columbus Groves Suite 830
Daughertyton, GA 99522",bettyjane91@yahoo.com,+53(9)5138004918,Bartoletti LLC,4002,Chartered accountant,1972-08-29,France,1,Oui
62303,Dr. Reginald Jerde,"96085 Bergstrom Curve Suite 715
West Peyton, NC 89346",ustroman@crona.com,(404)956-4619,Collins PLC,312564,Commercial/residential surveyor,1996-09-14,France,2,Oui
23453,Mr. Francesco Zulauf,"4662 Kertzmann Well Apt. 502
West Lloydfort, UT 40821-1620",bradly12@schiller.com,1-574-948-2127x78738,"Dietrich, Huels and Buckridge",36138,Public relations account executive,2001-08-30,Canada,0,Non
77618,Darion Emmerich,"82585 Gutkowski Bypass Suite 407
Rashidamouth, PA 28290-1636",morar.theo@plc.com,+19(4)0197267338,Stokes-Dare,15519,Radio broadcast assistant,2016-12-03,France,0,Oui
61879,Devonte Krajcik,"6687 Moen Hills Apt. 826
West Dexter, NC 25375",qsmith@spencer.com,1-714-322-5092x926,Feeney PLC,2918,Brewing technologist,2009-06-21,United-States,0,Oui
66537,Mrs. Bessie Boyer PhD,"9576 Abernathy Fork
New Merrilee, NE 06620-8078",benedict.jacobson@group.org,1-721-118-1957,Blick Ltd,70331,Radio broadcast assistant,2016-11-16,US,2,Oui
89054,Masako Kunze,"220 Rosy Haven Suite 171
Beerberg, RI 15380",hermann.clare@and.com,686.409.8843,Dare-Douglas,477270,Games developer,1992-01-22,Canada,1,Oui
75253,Marissa Kuhlman,"3757 Conroy Lakes
Morarhaven, RI 75525-5657",ottilie.bosco@gmail.com,607.619.3694x69223,Gleason LLC,116863,Sales executive,2003-08-26,US,2,Oui
64963,Waino Wintheiser PhD,"633 Murray Cliff Apt. 698
Lake Alwinaburgh, IN 44838-5374",sauer@davis.net,1-569-869-6052x932,Sipes-Kohler,70379,Exhibition designer,1979-02-16,FR,2,Oui
31522,Lucian Kling,"1012 Waelchi Common Apt. 388
Port Georgieberg, MH 15390-2276",theophile.tromp@gmail.com,1-562-580-8562x280,Dickens-Greenfelder,117833,"Producer, radio",1971-05-07,US,2,Oui
81583,Georgiann Hettinger,"6089 Mylie Squares Apt. 904
South Zelaside, NM 31970",marcelo79@goodwin.com,1-894-486-6208,"Gleichner, Homenick and Cruickshank",31648,Rural practice surveyor,2013-07-11,United-States,1,Oui
78779,Gwyneth Wilderman,"55615 Prohaska Mountains
New Aurelia, OK 00680",gorn@hotmail.com,(613)640-4824x4215,"Leannon, Wunsch and Murray",49044,Ceramics designer,2002-06-09,US,2,Oui
82379,Nicky Ullrich,"8617 Ernestina Union Apt. 801
South Ivey, CT 36112",xrunte@anderson.com,905-616-7217x02186,"Heidenreich, Hodkiewicz and Runolfsdottir",137893,Purchasing manager,2010-10-26,Canada,1,Oui
55070,Kyson Braun,"USNV Jenkins
FPO AA 45004-3050",brannon.haag@yahoo.com,1-214-080-9701x1760,Dare-Johnston,140052,Pathologist,2003-04-06,CAN,1,Oui
14721,Rexford Littel-Hegmann,"61534 Norman Points Apt. 070
Stokestown, ND 08927-7890",haskell.mante@gmail.com,491.884.2616,Shanahan-Goodwin,32968,"Administrator, sports",2008-12-22,United-States,1,Oui
68820,Davin Weber,"390 Levon Forge Suite 495
Clementborough, SD 04914",arlington.kuvalis@hotmail.com,011-404-2483,"Kiehn, Rowe and Gerlach",144314,"Engineer, site",18/7/2010,United-States,2,Oui
18551,Taja Walsh,"7539 Elvina Park
Conntown, LA 98667",spurgeon.klein@ryan.com,(747)787-9564x56292,Kautzer PLC,8272,Building services engineer,2013-05-07,US,0,Oui
59143,Otis Jacobs,"7468 Isis Parkways
New Ina, CT 14416",zhoppe@yahoo.com,880.290.9309x8476,Graham PLC,281602,"Editor, film/video",1971-08-24,United-States,1,Oui
65268,Miss Samira Feest DVM,"3495 Retha Forge Apt. 784
Boyerfurt, ME 37935-9648",ymiller@yundt.info,05599279415,Hirthe-Ward,1810,Passenger transport manager,1990-03-18,Canada,1,Oui
19445,Dr. Dennie Swift PhD,"2995 Olson Cove Suite 079
Lake Laurence, ME 17663",mcglynn.normand@and.com,618.489.5840,Walter and Sons,47379,Broadcast presenter,1993-01-13,CAN,0,Oui
84084,Mr. Westin Frami IV,"96178 Floy Glen
Port Ritchietown, WI 52111",kate52@little.org,579-260-5535x091,Batz-Christiansen,200,Quarry manager,1990-03-01,FR,1,Oui
18011,Zaire Yost-Denesik,"775 Sipes Park Suite 970
Lake Aliza, CO 07997-8808",torphy.latonya@group.com,02436429027,"Russel, Berge and Treutel",2912,"Engineer, technical sales",1997-07-02,CAN,2,Oui
